[
  {
    "id": "8003a9b0-701c-4d07-8543-f50c69ba4eb6",
    "data": [
      {
        "text": "ETH",
        "alias": "coin2",
        "meta": "@cryptocurrency",
        "userDefined": true
      },
      {
        "text": " status",
        "userDefined": false
      }
    ],
    "isTemplate": false,
    "count": 0
  },
  {
    "id": "0ac41dcb-0de0-43e7-8863-facc25396e9b",
    "data": [
      {
        "text": "market status ",
        "userDefined": false
      },
      {
        "text": "ETH",
        "alias": "coin2",
        "meta": "@cryptocurrency",
        "userDefined": true
      }
    ],
    "isTemplate": false,
    "count": 0
  },
  {
    "id": "8cb68c2b-a2af-437f-b9dc-29cd549a1166",
    "data": [
      {
        "text": "Get market status for ",
        "userDefined": false
      },
      {
        "text": "ETH",
        "alias": "coin2",
        "meta": "@cryptocurrency",
        "userDefined": true
      }
    ],
    "isTemplate": false,
    "count": 0
  },
  {
    "id": "96f27d03-3dc4-4dfc-b755-7497f97d7ccc",
    "data": [
      {
        "text": "Get market status for ",
        "userDefined": false
      },
      {
        "text": "BTC",
        "alias": "coin2",
        "meta": "@cryptocurrency",
        "userDefined": true
      }
    ],
    "isTemplate": false,
    "count": 2
  }
]