[
  {
    "id": "28cc235b-8df2-4f41-9976-3fb1fd21b4fe",
    "data": [
      {
        "text": "tradingview",
        "alias": "given-name",
        "meta": "@sys.given-name",
        "userDefined": true
      }
    ],
    "isTemplate": false,
    "count": 0,
    "updated": 1520720736
  },
  {
    "id": "d4014d37-9931-416a-b2a0-4cd3e121ff2d",
    "data": [
      {
        "text": "get market status ",
        "userDefined": false
      },
      {
        "text": "BTC",
        "alias": "coin2",
        "meta": "@cryptocurrency",
        "userDefined": true
      },
      {
        "text": " ",
        "userDefined": false
      },
      {
        "text": "tradingview",
        "alias": "given-name",
        "meta": "@sys.given-name",
        "userDefined": true
      }
    ],
    "isTemplate": false,
    "count": 0,
    "updated": 1520720736
  },
  {
    "id": "8e2869af-1b3a-4e1c-8e61-76770b26b466",
    "data": [
      {
        "text": "market status ",
        "userDefined": false
      },
      {
        "text": "tradingview",
        "alias": "given-name",
        "meta": "@sys.given-name",
        "userDefined": true
      }
    ],
    "isTemplate": false,
    "count": 0,
    "updated": 1520720736
  },
  {
    "id": "6856d4ae-0485-4f06-84b7-9cfb27869905",
    "data": [
      {
        "text": "market status ",
        "userDefined": false
      },
      {
        "text": "ETH",
        "alias": "coin2",
        "meta": "@cryptocurrency",
        "userDefined": true
      }
    ],
    "isTemplate": false,
    "count": 0,
    "updated": 1520720736
  },
  {
    "id": "346be35d-5f1c-40b1-8944-866ca6c76c20",
    "data": [
      {
        "text": "Get market status for ",
        "userDefined": false
      },
      {
        "text": "BTC",
        "alias": "coin2",
        "meta": "@cryptocurrency",
        "userDefined": true
      }
    ],
    "isTemplate": false,
    "count": 2,
    "updated": 1520720736
  },
  {
    "id": "3feeb430-5c5f-490c-8266-b39cdcd1850d",
    "data": [
      {
        "text": "Get market status for ",
        "userDefined": false
      },
      {
        "text": "ETH",
        "alias": "coin2",
        "meta": "@cryptocurrency",
        "userDefined": true
      }
    ],
    "isTemplate": false,
    "count": 0,
    "updated": 1520720736
  },
  {
    "id": "81e5de1a-cce1-4e31-abc7-ae0514291538",
    "data": [
      {
        "text": "ETH status @vtest1_bot",
        "userDefined": false
      }
    ],
    "isTemplate": false,
    "count": 0,
    "updated": 1520720736
  },
  {
    "id": "768e62bc-4e0d-4f16-a0f9-16030293772b",
    "data": [
      {
        "text": "ETH",
        "alias": "coin2",
        "meta": "@cryptocurrency",
        "userDefined": true
      },
      {
        "text": " status",
        "userDefined": false
      }
    ],
    "isTemplate": false,
    "count": 0,
    "updated": 1520720736
  }
]