[
  {
    "id": "0441730e-d31a-494d-83aa-bb75438843b6",
    "data": [
      {
        "text": "ETH",
        "alias": "coin2",
        "meta": "@cryptocurrency",
        "userDefined": true
      },
      {
        "text": " status",
        "userDefined": false
      }
    ],
    "isTemplate": false,
    "count": 0
  },
  {
    "id": "ad4d5924-a9ff-4f7f-8242-e4177c8757e9",
    "data": [
      {
        "text": "market status ",
        "userDefined": false
      },
      {
        "text": "ETH",
        "alias": "coin2",
        "meta": "@cryptocurrency",
        "userDefined": true
      }
    ],
    "isTemplate": false,
    "count": 0
  },
  {
    "id": "352fbc13-bd83-4fa8-92fa-642d850519cd",
    "data": [
      {
        "text": "Get market status for ",
        "userDefined": false
      },
      {
        "text": "ETH",
        "alias": "coin2",
        "meta": "@cryptocurrency",
        "userDefined": true
      }
    ],
    "isTemplate": false,
    "count": 0
  },
  {
    "id": "3b541675-dd38-4cc7-89cd-f74d2a9696a0",
    "data": [
      {
        "text": "Get market status for ",
        "userDefined": false
      },
      {
        "text": "BTC",
        "alias": "coin2",
        "meta": "@cryptocurrency",
        "userDefined": true
      }
    ],
    "isTemplate": false,
    "count": 2
  }
]