[
  {
    "id": "81fff672-9fe1-42b5-8e81-3902899555eb",
    "data": [
      {
        "text": "investing.com",
        "alias": "media",
        "meta": "@socialmedia",
        "userDefined": true
      },
      {
        "text": " ",
        "userDefined": false
      },
      {
        "text": "BTC",
        "alias": "coin2",
        "meta": "@cryptocurrency",
        "userDefined": true
      }
    ],
    "isTemplate": false,
    "count": 1
  },
  {
    "id": "5ac2a220-7d90-4ca4-91bc-e267adc56543",
    "data": [
      {
        "text": "coindesk.com",
        "alias": "media",
        "meta": "@socialmedia",
        "userDefined": true
      },
      {
        "text": " ",
        "userDefined": false
      },
      {
        "text": "BTC",
        "alias": "coin2",
        "meta": "@cryptocurrency",
        "userDefined": true
      }
    ],
    "isTemplate": false,
    "count": 1
  },
  {
    "id": "f31b262c-bf41-4593-8ac1-f8799e2677f7",
    "data": [
      {
        "text": "coindesk",
        "alias": "media",
        "meta": "@socialmedia",
        "userDefined": true
      },
      {
        "text": " ",
        "userDefined": false
      },
      {
        "text": "ETH",
        "alias": "coin2",
        "meta": "@cryptocurrency",
        "userDefined": true
      }
    ],
    "isTemplate": false,
    "count": 1
  },
  {
    "id": "341a82f7-dd3b-4921-92e5-73b97da4e79f",
    "data": [
      {
        "text": "coindesk",
        "alias": "media",
        "meta": "@socialmedia",
        "userDefined": true
      }
    ],
    "isTemplate": false,
    "count": 1
  },
  {
    "id": "ceb2b5d1-6e9f-46d2-9b1f-741729990143",
    "data": [
      {
        "text": "coindesk",
        "alias": "media",
        "meta": "@socialmedia",
        "userDefined": true
      },
      {
        "text": " ",
        "userDefined": false
      },
      {
        "text": "BTC",
        "alias": "coin2",
        "meta": "@cryptocurrency",
        "userDefined": true
      }
    ],
    "isTemplate": false,
    "count": 1
  },
  {
    "id": "65a89267-f74b-49f7-99e0-3e73bdbb7a8c",
    "data": [
      {
        "text": "Can I get some articles from ",
        "userDefined": false
      },
      {
        "text": "coindesk",
        "alias": "media",
        "meta": "@socialmedia",
        "userDefined": true
      },
      {
        "text": " for ",
        "userDefined": false
      },
      {
        "text": "BTC",
        "alias": "coin2",
        "meta": "@cryptocurrency",
        "userDefined": true
      },
      {
        "text": "?",
        "userDefined": false
      }
    ],
    "isTemplate": false,
    "count": 1
  },
  {
    "id": "315fc6ef-0bfe-43fb-aeb6-89253b7f6740",
    "data": [
      {
        "text": "How\u0027s its going on ",
        "userDefined": false
      },
      {
        "text": "twitter",
        "alias": "media",
        "meta": "@socialmedia",
        "userDefined": true
      },
      {
        "text": " for ",
        "userDefined": false
      },
      {
        "text": "BTC",
        "alias": "coin2",
        "meta": "@cryptocurrency",
        "userDefined": true
      },
      {
        "text": "?",
        "userDefined": false
      }
    ],
    "isTemplate": false,
    "count": 1
  },
  {
    "id": "d66f241a-e87b-4124-8ddc-3ab93a7e4c3b",
    "data": [
      {
        "text": "Can I get some articles from ",
        "userDefined": false
      },
      {
        "text": "coindesk",
        "alias": "media",
        "meta": "@socialmedia",
        "userDefined": true
      },
      {
        "text": "?",
        "userDefined": false
      }
    ],
    "isTemplate": false,
    "count": 0
  }
]