[
  {
    "id": "a9d69333-9b5d-4229-b8cd-5079280d38ac",
    "data": [
      {
        "text": "investing.com",
        "alias": "media",
        "meta": "@socialmedia",
        "userDefined": true
      },
      {
        "text": " ",
        "userDefined": false
      },
      {
        "text": "BTC",
        "alias": "coin2",
        "meta": "@cryptocurrency",
        "userDefined": true
      }
    ],
    "isTemplate": false,
    "count": 1
  },
  {
    "id": "4b017e73-63ea-4cbd-a09b-1dcbb52b83ea",
    "data": [
      {
        "text": "coindesk.com",
        "alias": "media",
        "meta": "@socialmedia",
        "userDefined": true
      },
      {
        "text": " ",
        "userDefined": false
      },
      {
        "text": "BTC",
        "alias": "coin2",
        "meta": "@cryptocurrency",
        "userDefined": true
      }
    ],
    "isTemplate": false,
    "count": 1
  },
  {
    "id": "fce9186d-cbd1-413c-aa4e-036437ff2a8f",
    "data": [
      {
        "text": "coindesk",
        "alias": "media",
        "meta": "@socialmedia",
        "userDefined": true
      },
      {
        "text": " ",
        "userDefined": false
      },
      {
        "text": "ETH",
        "alias": "coin2",
        "meta": "@cryptocurrency",
        "userDefined": true
      }
    ],
    "isTemplate": false,
    "count": 1
  },
  {
    "id": "8a4fc50e-1d55-412d-b6da-03b1d90b3e6a",
    "data": [
      {
        "text": "coindesk",
        "alias": "media",
        "meta": "@socialmedia",
        "userDefined": true
      }
    ],
    "isTemplate": false,
    "count": 1
  },
  {
    "id": "a2d5850d-605a-446d-83c2-787c0f211ba0",
    "data": [
      {
        "text": "coindesk",
        "alias": "media",
        "meta": "@socialmedia",
        "userDefined": true
      },
      {
        "text": " ",
        "userDefined": false
      },
      {
        "text": "BTC",
        "alias": "coin2",
        "meta": "@cryptocurrency",
        "userDefined": true
      }
    ],
    "isTemplate": false,
    "count": 1
  },
  {
    "id": "b1d52288-7442-4528-9435-5d25d8f9cfc0",
    "data": [
      {
        "text": "Can I get some articles from ",
        "userDefined": false
      },
      {
        "text": "coindesk",
        "alias": "media",
        "meta": "@socialmedia",
        "userDefined": true
      },
      {
        "text": " for ",
        "userDefined": false
      },
      {
        "text": "BTC",
        "alias": "coin2",
        "meta": "@cryptocurrency",
        "userDefined": true
      },
      {
        "text": "?",
        "userDefined": false
      }
    ],
    "isTemplate": false,
    "count": 1
  },
  {
    "id": "d912ee62-0e03-4301-9b1a-c6dd352d5b8c",
    "data": [
      {
        "text": "How\u0027s its going on ",
        "userDefined": false
      },
      {
        "text": "twitter",
        "alias": "media",
        "meta": "@socialmedia",
        "userDefined": true
      },
      {
        "text": " for ",
        "userDefined": false
      },
      {
        "text": "BTC",
        "alias": "coin2",
        "meta": "@cryptocurrency",
        "userDefined": true
      },
      {
        "text": "?",
        "userDefined": false
      }
    ],
    "isTemplate": false,
    "count": 1
  },
  {
    "id": "c33368e0-7413-4c2c-9785-03e433f2d145",
    "data": [
      {
        "text": "Can I get some articles from ",
        "userDefined": false
      },
      {
        "text": "coindesk",
        "alias": "media",
        "meta": "@socialmedia",
        "userDefined": true
      },
      {
        "text": "?",
        "userDefined": false
      }
    ],
    "isTemplate": false,
    "count": 0
  }
]