[
  {
    "id": "955f0dd9-27a0-4e6e-b0c9-f4d982de9155",
    "data": [
      {
        "text": "1099",
        "alias": "taxkeywords",
        "meta": "@taxkeywords",
        "userDefined": false
      }
    ],
    "isTemplate": false,
    "count": 0
  },
  {
    "id": "76abad14-9d3f-4acf-a1e8-f31516a18962",
    "data": [
      {
        "text": "1099",
        "alias": "taxkeywords1",
        "meta": "@taxkeywords",
        "userDefined": false
      },
      {
        "text": "-K",
        "userDefined": false
      }
    ],
    "isTemplate": false,
    "count": 0
  },
  {
    "id": "fb23b9db-8f1d-4d67-a332-9337fe534eab",
    "data": [
      {
        "text": "Form 8949",
        "alias": "taxkeywords",
        "meta": "@taxkeywords",
        "userDefined": false
      }
    ],
    "isTemplate": false,
    "count": 0
  },
  {
    "id": "f9c666df-911e-4730-ae20-1be6045606c0",
    "data": [
      {
        "text": "8949",
        "alias": "taxkeywords",
        "meta": "@taxkeywords",
        "userDefined": false
      },
      {
        "text": " Instructions",
        "userDefined": false
      }
    ],
    "isTemplate": false,
    "count": 0
  },
  {
    "id": "999b8f81-2fe9-4958-9e49-ff34a7c5216e",
    "data": [
      {
        "text": "Form 8949 Instructions",
        "alias": "taxkeywords",
        "meta": "@taxkeywords",
        "userDefined": false
      }
    ],
    "isTemplate": false,
    "count": 0
  },
  {
    "id": "8c879a8c-9d90-47c9-89f9-ffd255506906",
    "data": [
      {
        "text": "Form",
        "alias": "taxkeywords",
        "meta": "@taxkeywords",
        "userDefined": false
      },
      {
        "text": " ",
        "userDefined": false
      },
      {
        "text": "1099",
        "alias": "taxkeywords1",
        "meta": "@taxkeywords",
        "userDefined": false
      },
      {
        "text": "-K",
        "userDefined": false
      }
    ],
    "isTemplate": false,
    "count": 0
  },
  {
    "id": "c1f31b2a-76f2-41ed-b61e-8ab4b9d1d42b",
    "data": [
      {
        "text": "irs regulations",
        "alias": "taxkeywords",
        "meta": "@taxkeywords",
        "userDefined": true
      }
    ],
    "isTemplate": false,
    "count": 1
  },
  {
    "id": "ca6c2b2a-f88d-4325-8868-9834e0c74ad6",
    "data": [
      {
        "text": "regulations",
        "alias": "taxkeywords",
        "meta": "@taxkeywords",
        "userDefined": true
      }
    ],
    "isTemplate": false,
    "count": 0
  },
  {
    "id": "ea7a029b-7cd5-4cff-98a0-e6554333f673",
    "data": [
      {
        "text": "Cryptocurrency ",
        "userDefined": false
      },
      {
        "text": "crackdown",
        "alias": "taxkeywords",
        "meta": "@taxkeywords",
        "userDefined": true
      }
    ],
    "isTemplate": false,
    "count": 0
  },
  {
    "id": "7ca2ad0f-2404-472f-b795-b01a7bc2e254",
    "data": [
      {
        "text": "Cryptocurrency ",
        "userDefined": false
      },
      {
        "text": "regulations",
        "alias": "taxkeywords",
        "meta": "@taxkeywords",
        "userDefined": true
      }
    ],
    "isTemplate": false,
    "count": 0
  },
  {
    "id": "90b432c8-4d28-4974-803e-1350210d550c",
    "data": [
      {
        "text": "Bitcoin ",
        "userDefined": false
      },
      {
        "text": "regulations",
        "alias": "taxkeywords",
        "meta": "@taxkeywords",
        "userDefined": true
      }
    ],
    "isTemplate": false,
    "count": 0
  },
  {
    "id": "d219b9a7-0fa1-4559-b79a-eec6b3e47d4b",
    "data": [
      {
        "text": "What are the new cryptocurrency ",
        "userDefined": false
      },
      {
        "text": "regulations",
        "alias": "taxkeywords",
        "meta": "@taxkeywords",
        "userDefined": true
      },
      {
        "text": " from the IRS?",
        "userDefined": false
      }
    ],
    "isTemplate": false,
    "count": 0
  },
  {
    "id": "d7ed510e-1325-479f-a30b-860568fdef3e",
    "data": [
      {
        "text": "Hey, vega what are my estimated taxes",
        "userDefined": false
      }
    ],
    "isTemplate": false,
    "count": 0
  },
  {
    "id": "78e25250-8c4a-4dc0-862e-4302d8af44d2",
    "data": [
      {
        "text": "taxes",
        "userDefined": false
      }
    ],
    "isTemplate": false,
    "count": 0
  },
  {
    "id": "01268363-0c12-44ff-8890-6d2effce33d9",
    "data": [
      {
        "text": "taxes please",
        "userDefined": false
      }
    ],
    "isTemplate": false,
    "count": 0
  },
  {
    "id": "038ba5b2-bb1f-49f6-bb29-3b78541ea89a",
    "data": [
      {
        "text": "What are my estimated taxes for ",
        "userDefined": false
      },
      {
        "text": "2017",
        "meta": "@sys.ignore",
        "userDefined": true
      },
      {
        "text": "?",
        "userDefined": false
      }
    ],
    "isTemplate": false,
    "count": 1
  },
  {
    "id": "7a1cbd1b-bc00-4239-b895-02c1b44da0b3",
    "data": [
      {
        "text": "Hey, vega what are my estimated taxes?",
        "userDefined": false
      }
    ],
    "isTemplate": false,
    "count": 0,
    "updated": 1514586375
  }
]