[
  {
    "id": "64d0a95c-6025-4113-a0d4-a190f65ba565",
    "data": [
      {
        "text": "start ",
        "userDefined": false
      },
      {
        "text": "vegabot",
        "alias": "given-name",
        "meta": "@sys.given-name",
        "userDefined": true
      },
      {
        "text": " in mt4",
        "userDefined": false
      }
    ],
    "isTemplate": false,
    "count": 0,
    "updated": 1520711694
  },
  {
    "id": "459a86de-4286-4af9-84dc-133e0ee61977",
    "data": [
      {
        "text": "vegabot",
        "alias": "given-name",
        "meta": "@sys.given-name",
        "userDefined": true
      }
    ],
    "isTemplate": false,
    "count": 0,
    "updated": 1520711694
  },
  {
    "id": "b6c6ab83-3134-4b8a-ab85-83414862aaec",
    "data": [
      {
        "text": "start ",
        "userDefined": false
      },
      {
        "text": "vegabot",
        "alias": "given-name",
        "meta": "@sys.given-name",
        "userDefined": true
      }
    ],
    "isTemplate": false,
    "count": 0,
    "updated": 1520711694
  },
  {
    "id": "3a0bc60d-3bf1-446b-a7a2-077b5ca8125e",
    "data": [
      {
        "text": "please start ",
        "userDefined": false
      },
      {
        "text": "vegabot",
        "alias": "given-name",
        "meta": "@sys.given-name",
        "userDefined": true
      },
      {
        "text": " in mt4",
        "userDefined": false
      }
    ],
    "isTemplate": false,
    "count": 0,
    "updated": 1520711694
  }
]