[
  {
    "id": "d3a4e48f-54ea-4ef7-8b59-a82c5652cb57",
    "data": [
      {
        "text": "Sell ",
        "userDefined": false
      },
      {
        "text": "1",
        "alias": "volume",
        "meta": "@sys.number",
        "userDefined": true
      },
      {
        "text": " ",
        "userDefined": false
      },
      {
        "text": "ETH",
        "alias": "coin",
        "meta": "@cryptocurrency",
        "userDefined": true
      }
    ],
    "isTemplate": false,
    "count": 0,
    "updated": 1520200596
  },
  {
    "id": "b1f37f2c-0f60-43a1-99e7-6f76f4a02ebc",
    "data": [
      {
        "text": "Sell ",
        "userDefined": false
      },
      {
        "text": "1",
        "alias": "volume",
        "meta": "@sys.number",
        "userDefined": true
      },
      {
        "text": " ",
        "userDefined": false
      },
      {
        "text": "BTC",
        "alias": "coin",
        "meta": "@cryptocurrency",
        "userDefined": true
      }
    ],
    "isTemplate": false,
    "count": 0,
    "updated": 1520200596
  }
]