[
  {
    "id": "2e6f1ab2-2ee7-4bee-bbb3-a98d338c4ab7",
    "data": [
      {
        "text": "2017",
        "alias": "date-period",
        "meta": "@sys.date-period",
        "userDefined": false
      },
      {
        "text": " taxes",
        "userDefined": false
      }
    ],
    "isTemplate": false,
    "count": 0
  },
  {
    "id": "75409541-9bf8-4dbb-ac9d-49ef667bd0b3",
    "data": [
      {
        "text": "estimated taxes for ",
        "userDefined": false
      },
      {
        "text": "2017",
        "alias": "date-period",
        "meta": "@sys.date-period",
        "userDefined": false
      }
    ],
    "isTemplate": false,
    "count": 0
  },
  {
    "id": "34c2ea3d-616d-419c-af02-66626e35a977",
    "data": [
      {
        "text": "Hey, vega what are my estimated taxes",
        "userDefined": false
      }
    ],
    "isTemplate": false,
    "count": 0
  },
  {
    "id": "0d5f46a5-ea15-43a2-b509-046ef8613e85",
    "data": [
      {
        "text": "taxes",
        "userDefined": false
      }
    ],
    "isTemplate": false,
    "count": 0
  },
  {
    "id": "285fd713-59e1-4002-8126-d3ec45fc1cb5",
    "data": [
      {
        "text": "taxes please",
        "userDefined": false
      }
    ],
    "isTemplate": false,
    "count": 0
  },
  {
    "id": "a4cdf97a-17fb-498b-8f78-b9d6c53e6eb3",
    "data": [
      {
        "text": "What are my estimated taxes for ",
        "userDefined": false
      },
      {
        "text": "2017",
        "alias": "date-period",
        "meta": "@sys.date-period",
        "userDefined": true
      },
      {
        "text": "?",
        "userDefined": false
      }
    ],
    "isTemplate": false,
    "count": 1
  },
  {
    "id": "4e5fe7ef-4263-4741-95ba-7e99b3583aa7",
    "data": [
      {
        "text": "Hey, vega what are my estimated taxes?",
        "userDefined": false
      }
    ],
    "isTemplate": false,
    "count": 0,
    "updated": 1514586375
  }
]