[
  {
    "id": "06a1dcb9-f93a-4136-baee-a68c4686ac15",
    "data": [
      {
        "text": "get wave five trade",
        "userDefined": false
      }
    ],
    "isTemplate": false,
    "count": 0,
    "updated": 1518241042
  },
  {
    "id": "01881dee-b89b-4539-b334-d2c36357dfd2",
    "data": [
      {
        "text": "w5t",
        "userDefined": false
      }
    ],
    "isTemplate": false,
    "count": 0,
    "updated": 1518241042
  },
  {
    "id": "9da18132-91c0-44cb-ac2b-8f01c12cbacd",
    "data": [
      {
        "text": "wavefive",
        "userDefined": false
      }
    ],
    "isTemplate": false,
    "count": 0,
    "updated": 1518241042
  },
  {
    "id": "7800ab31-b39e-44c3-8845-cda82daea6d5",
    "data": [
      {
        "text": "wave5",
        "userDefined": false
      }
    ],
    "isTemplate": false,
    "count": 0,
    "updated": 1518241042
  },
  {
    "id": "c81f45f7-bb3c-4f5f-9ad9-6f3dc3763cde",
    "data": [
      {
        "text": "get wavefivetrade",
        "userDefined": false
      }
    ],
    "isTemplate": false,
    "count": 0,
    "updated": 1518241042
  },
  {
    "id": "d20125f7-8749-4cd7-a411-61c4ed46b406",
    "data": [
      {
        "text": "get wave5trade",
        "userDefined": false
      }
    ],
    "isTemplate": false,
    "count": 0,
    "updated": 1518241042
  }
]