[
  {
    "id": "358f7d06-7e8b-422c-806a-991b5102eed7",
    "data": [
      {
        "text": "wavefive",
        "userDefined": false
      }
    ],
    "isTemplate": false,
    "count": 0,
    "updated": 1518241042
  },
  {
    "id": "84fa1971-61ab-492f-875a-985e1f68a68c",
    "data": [
      {
        "text": "get wave five trade",
        "userDefined": false
      }
    ],
    "isTemplate": false,
    "count": 0,
    "updated": 1518241042
  },
  {
    "id": "73b38958-7d20-4dd0-a237-667306bb5e88",
    "data": [
      {
        "text": "get wavefivetrade",
        "userDefined": false
      }
    ],
    "isTemplate": false,
    "count": 0,
    "updated": 1518241042
  },
  {
    "id": "380d8597-2d3c-45c9-bfc7-239225478743",
    "data": [
      {
        "text": "wave5 @vtest1_bot",
        "userDefined": false
      }
    ],
    "isTemplate": false,
    "count": 0,
    "updated": 1518495716
  },
  {
    "id": "a57b099c-671f-480e-85f8-c886f1199d1b",
    "data": [
      {
        "text": "get wave5trade",
        "userDefined": false
      }
    ],
    "isTemplate": false,
    "count": 0,
    "updated": 1518241042
  },
  {
    "id": "2262b8e0-f2bf-4dcc-9b55-43eb30950211",
    "data": [
      {
        "text": "w5t",
        "userDefined": false
      }
    ],
    "isTemplate": false,
    "count": 0,
    "updated": 1518241042
  },
  {
    "id": "d26adf97-7c64-489e-a217-9e1d239b8e8a",
    "data": [
      {
        "text": "wave5",
        "userDefined": false
      }
    ],
    "isTemplate": false,
    "count": 0,
    "updated": 1518241042
  }
]