[
  {
    "value": "taxkeywords",
    "synonyms": [
      "taxkeywords",
      "keywords"
    ]
  },
  {
    "value": "regulations",
    "synonyms": [
      "regulations"
    ]
  },
  {
    "value": "crackdown",
    "synonyms": [
      "crackdown"
    ]
  },
  {
    "value": "1099-K",
    "synonyms": [
      "1099-K",
      "1099"
    ]
  },
  {
    "value": "form",
    "synonyms": [
      "form"
    ]
  },
  {
    "value": "8949",
    "synonyms": [
      "8949"
    ]
  },
  {
    "value": "Form 8949",
    "synonyms": [
      "Form 8949"
    ]
  },
  {
    "value": "Form 1099-K",
    "synonyms": [
      "Form 1099-K",
      "Form 1099K"
    ]
  },
  {
    "value": "Form 1099-K Instructions",
    "synonyms": [
      "Form 1099-K Instructions",
      "Form 1099K Instructions"
    ]
  },
  {
    "value": "Form 8949 Instructions",
    "synonyms": [
      "Form 8949 Instructions"
    ]
  }
]